-- MySQL Script generated by MySQL Workbench
-- Tue Apr  8 21:59:14 2025
-- Model: New Model    Version: 1.0
-- MySQL Workbench Forward Engineering

SET @OLD_UNIQUE_CHECKS=@@UNIQUE_CHECKS, UNIQUE_CHECKS=0;
SET @OLD_FOREIGN_KEY_CHECKS=@@FOREIGN_KEY_CHECKS, FOREIGN_KEY_CHECKS=0;
SET @OLD_SQL_MODE=@@SQL_MODE, SQL_MODE='ONLY_FULL_GROUP_BY,STRICT_TRANS_TABLES,NO_ZERO_IN_DATE,NO_ZERO_DATE,ERROR_FOR_DIVISION_BY_ZERO,NO_ENGINE_SUBSTITUTION';

-- -----------------------------------------------------
-- Schema gym_genesis
-- -----------------------------------------------------

-- -----------------------------------------------------
-- Schema gym_genesis
-- -----------------------------------------------------
CREATE SCHEMA IF NOT EXISTS `gym_genesis` DEFAULT CHARACTER SET utf8 ;
USE `gym_genesis` ;

-- -----------------------------------------------------
-- Table `gym_genesis`.`alimento`
-- -----------------------------------------------------
CREATE TABLE IF NOT EXISTS `gym_genesis`.`alimento` (
  `idalimento` INT(11) NOT NULL,
  `nome` VARCHAR(100) NOT NULL,
  `calorias` DECIMAL(6,2) NOT NULL,
  `carboidratos` DECIMAL(6,2) NULL DEFAULT NULL,
  `proteinas` DECIMAL(6,2) NULL DEFAULT NULL,
  `gorduras` DECIMAL(6,2) NULL DEFAULT NULL,
  `porcao` VARCHAR(50) NULL DEFAULT NULL,
  `categoria` VARCHAR(50) NULL DEFAULT NULL,
  PRIMARY KEY (`idalimento`))
ENGINE = InnoDB
DEFAULT CHARACTER SET = utf8;


-- -----------------------------------------------------
-- Table `gym_genesis`.`usuario`
-- -----------------------------------------------------
CREATE TABLE IF NOT EXISTS `gym_genesis`.`usuario` (
  `idusuario` INT(11) NOT NULL AUTO_INCREMENT,
  `nome` VARCHAR(70) NOT NULL,
  `senha` VARCHAR(200) NOT NULL,
  `email` VARCHAR(100) NOT NULL,
  `cpf` VARCHAR(15) NOT NULL,
  `data_de_nascimento` DATE NOT NULL,
  `telefone` VARCHAR(20) NULL DEFAULT NULL,
  `foto_de_perfil` VARCHAR(100) NULL DEFAULT NULL,
  `numero_matricula` VARCHAR(20) NOT NULL,
  `tipo_usuario` INT(11) NOT NULL,
  PRIMARY KEY (`idusuario`),
  UNIQUE INDEX `email_UNIQUE` (`email` ASC) VISIBLE,
  UNIQUE INDEX `cpf_UNIQUE` (`cpf` ASC) VISIBLE)
ENGINE = InnoDB
DEFAULT CHARACTER SET = utf8;



-- -----------------------------------------------------
-- Table `gym_genesis`.`assinatura`
-- -----------------------------------------------------
CREATE TABLE IF NOT EXISTS `gym_genesis`.`assinatura` (
  `idassinatura` INT(11) NOT NULL AUTO_INCREMENT,
  `data_inicio` DATE NOT NULL,
  `data_fim` DATE NOT NULL,
  `usuario_idusuario` INT(11) NOT NULL,
  PRIMARY KEY (`idassinatura`),
  INDEX `usuario_idusuario` (`usuario_idusuario` ASC) VISIBLE,
  CONSTRAINT `assinatura_ibfk_1`
    FOREIGN KEY (`usuario_idusuario`)
    REFERENCES `gym_genesis`.`usuario` (`idusuario`))
ENGINE = InnoDB
DEFAULT CHARACTER SET = utf8;


-- -----------------------------------------------------
-- Table `gym_genesis`.`horario`
-- -----------------------------------------------------
CREATE TABLE IF NOT EXISTS `gym_genesis`.`horario` (
  `idhorario` INT(11) NOT NULL AUTO_INCREMENT,
  `dia_semana` ENUM('Segunda', 'Terça', 'Quarta', 'Quinta', 'Sexta', 'Sábado', 'Domingo') NOT NULL,
  `hora_inicio` TIME NOT NULL,
  `hora_fim` TIME NOT NULL,
  PRIMARY KEY (`idhorario`))
ENGINE = InnoDB
DEFAULT CHARACTER SET = utf8;


-- -----------------------------------------------------
-- Table `gym_genesis`.`aula_agendada`
-- -----------------------------------------------------
CREATE TABLE IF NOT EXISTS `gym_genesis`.`aula_agendada` (
  `idaula` INT(11) NOT NULL AUTO_INCREMENT,
  `horario_idhorario` INT(11) NOT NULL,
  `data_aula` DATE NOT NULL,
  `usuario_idusuario` INT(11) NOT NULL,
  PRIMARY KEY (`idaula`),
  INDEX `horario_idhorario` (`horario_idhorario` ASC) VISIBLE,
  INDEX `fk_aula_agendada_usuario1_idx` (`usuario_idusuario` ASC) VISIBLE,
  CONSTRAINT `aula_agendada_ibfk_2`
    FOREIGN KEY (`horario_idhorario`)
    REFERENCES `gym_genesis`.`horario` (`idhorario`),
  CONSTRAINT `fk_aula_agendada_usuario1`
    FOREIGN KEY (`usuario_idusuario`)
    REFERENCES `gym_genesis`.`usuario` (`idusuario`)
    ON DELETE NO ACTION
    ON UPDATE NO ACTION)
ENGINE = InnoDB
DEFAULT CHARACTER SET = utf8;


-- -----------------------------------------------------
-- Table `gym_genesis`.`avaliacao_fisica`
-- -----------------------------------------------------
CREATE TABLE IF NOT EXISTS `gym_genesis`.`avaliacao_fisica` (
  `idavaliacao` INT(11) NOT NULL AUTO_INCREMENT,
  `peso` DECIMAL(5,3) NOT NULL,
  `altura` DECIMAL(5,2) NOT NULL,
  `imc` DECIMAL(5,2) NOT NULL,
  `percentual_gordura` DECIMAL(5,2) NULL DEFAULT NULL,
  `data_avaliacao` DATE NOT NULL,
  `usuario_idusuario` INT(11) NOT NULL,
  PRIMARY KEY (`idavaliacao`),
  INDEX `usuario_idusuario` (`usuario_idusuario` ASC) VISIBLE,
  CONSTRAINT `avaliacao_fisica_ibfk_1`
    FOREIGN KEY (`usuario_idusuario`)
    REFERENCES `gym_genesis`.`usuario` (`idusuario`)
    ON DELETE NO ACTION
    ON UPDATE NO ACTION)
ENGINE = InnoDB
DEFAULT CHARACTER SET = utf8;


-- -----------------------------------------------------
-- Table `gym_genesis`.`cargo`
-- -----------------------------------------------------
CREATE TABLE IF NOT EXISTS `gym_genesis`.`cargo` (
  `idcargo` INT(11) NOT NULL,
  `nome` VARCHAR(100) NOT NULL,
  `descricao` TEXT NULL DEFAULT NULL,
  PRIMARY KEY (`idcargo`))
ENGINE = InnoDB
DEFAULT CHARACTER SET = utf8;


-- -----------------------------------------------------
-- Table `gym_genesis`.`funcionario`
-- -----------------------------------------------------
CREATE TABLE IF NOT EXISTS `gym_genesis`.`funcionario` (
  `idfuncionario` INT(11) NOT NULL AUTO_INCREMENT,
  `nome` VARCHAR(100) NOT NULL,
  `email` VARCHAR(100) NOT NULL,
  `telefone` VARCHAR(20) NULL DEFAULT NULL,
  `data_contratacao` DATE NOT NULL,
  `salario` DECIMAL(10,2) NULL DEFAULT NULL,
  `cargo_id` INT(11) NULL DEFAULT NULL,
  PRIMARY KEY (`idfuncionario`),
  UNIQUE INDEX `email` (`email` ASC) VISIBLE,
  INDEX `cargo_id` (`cargo_id` ASC) VISIBLE,
  CONSTRAINT `funcionario_ibfk_1`
    FOREIGN KEY (`cargo_id`)
    REFERENCES `gym_genesis`.`cargo` (`idcargo`))
ENGINE = InnoDB
DEFAULT CHARACTER SET = utf8;


-- -----------------------------------------------------
-- Table `gym_genesis`.`avaliador`
-- -----------------------------------------------------
CREATE TABLE IF NOT EXISTS `gym_genesis`.`avaliador` (
  `idavaliador` INT(11) NOT NULL AUTO_INCREMENT,
  `funcionario_id` INT(11) NOT NULL,
  `especialidade` VARCHAR(100) NULL DEFAULT NULL,
  PRIMARY KEY (`idavaliador`),
  INDEX `funcionario_id` (`funcionario_id` ASC) VISIBLE,
  CONSTRAINT `avaliador_ibfk_1`
    FOREIGN KEY (`funcionario_id`)
    REFERENCES `gym_genesis`.`funcionario` (`idfuncionario`))
ENGINE = InnoDB
DEFAULT CHARACTER SET = utf8;


-- -----------------------------------------------------
-- Table `gym_genesis`.`categoria_produto`
-- -----------------------------------------------------
CREATE TABLE IF NOT EXISTS `gym_genesis`.`categoria_produto` (
  `idcategoria` INT(11) NOT NULL AUTO_INCREMENT,
  `nome` VARCHAR(100) NOT NULL,
  `descricao` TEXT NULL DEFAULT NULL,
  PRIMARY KEY (`idcategoria`))
ENGINE = InnoDB
DEFAULT CHARACTER SET = utf8;


-- -----------------------------------------------------
-- Table `gym_genesis`.`cupom_desconto`
-- -----------------------------------------------------
CREATE TABLE IF NOT EXISTS `gym_genesis`.`cupom_desconto` (
  `idcupom` INT(11) NOT NULL AUTO_INCREMENT,
  `codigo` VARCHAR(50) NOT NULL,
  `percentual_desconto` DECIMAL(5,2) NULL DEFAULT NULL,
  `valor_desconto` DECIMAL(10,2) NULL DEFAULT NULL,
  `data_validade` DATE NULL DEFAULT NULL,
  `quantidade_uso` INT(11) NULL DEFAULT 1,
  `tipo` ENUM('percentual', 'fixo') NULL DEFAULT 'percentual',
  PRIMARY KEY (`idcupom`),
  UNIQUE INDEX `codigo` (`codigo` ASC) VISIBLE)
ENGINE = InnoDB
DEFAULT CHARACTER SET = utf8;


-- -----------------------------------------------------
-- Table `gym_genesis`.`dieta`
-- -----------------------------------------------------
CREATE TABLE IF NOT EXISTS `gym_genesis`.`dieta` (
  `iddieta` INT(11) NOT NULL AUTO_INCREMENT,
  `descricao` TEXT NOT NULL,
  `data_inicio` DATE NOT NULL,
  `data_fim` DATE NULL DEFAULT NULL,
  `usuario_idusuario` INT(11) NOT NULL,
  PRIMARY KEY (`iddieta`),
  INDEX `usuario_idusuario` (`usuario_idusuario` ASC) VISIBLE,
  CONSTRAINT `dieta_ibfk_1`
    FOREIGN KEY (`usuario_idusuario`)
    REFERENCES `gym_genesis`.`usuario` (`idusuario`))
ENGINE = InnoDB
DEFAULT CHARACTER SET = utf8;


-- -----------------------------------------------------
-- Table `gym_genesis`.`refeicao`
-- -----------------------------------------------------
CREATE TABLE IF NOT EXISTS `gym_genesis`.`refeicao` (
  `idrefeicao` INT(11) NOT NULL,
  `dieta_id` INT(11) NOT NULL,
  `tipo` ENUM('Café da manhã', 'Lanche da manhã', 'Almoço', 'Lanche da tarde', 'Jantar', 'Ceia') NOT NULL,
  `horario` TIME NULL DEFAULT NULL,
  PRIMARY KEY (`idrefeicao`),
  INDEX `dieta_id` (`dieta_id` ASC) VISIBLE,
  CONSTRAINT `refeicao_ibfk_1`
    FOREIGN KEY (`dieta_id`)
    REFERENCES `gym_genesis`.`dieta` (`iddieta`))
ENGINE = InnoDB
DEFAULT CHARACTER SET = utf8;


-- -----------------------------------------------------
-- Table `gym_genesis`.`dieta_alimento`
-- -----------------------------------------------------
CREATE TABLE IF NOT EXISTS `gym_genesis`.`dieta_alimento` (
  `iddieta_alimentar` INT(11) NOT NULL,
  `refeicao_id` INT(11) NOT NULL,
  `alimento_id` INT(11) NOT NULL,
  `quantidade` DECIMAL(6,2) NOT NULL,
  `observacao` TEXT NULL DEFAULT NULL,
  PRIMARY KEY (`iddieta_alimentar`),
  INDEX `refeicao_id` (`refeicao_id` ASC) VISIBLE,
  INDEX `alimento_id` (`alimento_id` ASC) VISIBLE,
  CONSTRAINT `dieta_alimento_ibfk_1`
    FOREIGN KEY (`refeicao_id`)
    REFERENCES `gym_genesis`.`refeicao` (`idrefeicao`),
  CONSTRAINT `dieta_alimento_ibfk_2`
    FOREIGN KEY (`alimento_id`)
    REFERENCES `gym_genesis`.`alimento` (`idalimento`))
ENGINE = InnoDB
DEFAULT CHARACTER SET = utf8;


-- -----------------------------------------------------
-- Table `gym_genesis`.`endereco`
-- -----------------------------------------------------
CREATE TABLE IF NOT EXISTS `gym_genesis`.`endereco` (
  `idendereco` INT(11) NOT NULL,
  `usuario_id` INT(11) NULL DEFAULT NULL,
  `funcionario_id` INT(11) NULL DEFAULT NULL,
  `cep` VARCHAR(10) NULL DEFAULT NULL,
  `rua` VARCHAR(100) NULL DEFAULT NULL,
  `numero` VARCHAR(10) NULL DEFAULT NULL,
  `complemento` VARCHAR(50) NULL DEFAULT NULL,
  `bairro` VARCHAR(50) NULL DEFAULT NULL,
  `cidade` VARCHAR(50) NULL DEFAULT NULL,
  `estado` VARCHAR(2) NULL DEFAULT NULL,
  PRIMARY KEY (`idendereco`),
  INDEX `usuario_id` (`usuario_id` ASC) VISIBLE,
  INDEX `funcionario_id` (`funcionario_id` ASC) VISIBLE,
  CONSTRAINT `endereco_ibfk_1`
    FOREIGN KEY (`usuario_id`)
    REFERENCES `gym_genesis`.`usuario` (`idusuario`),
  CONSTRAINT `endereco_ibfk_2`
    FOREIGN KEY (`funcionario_id`)
    REFERENCES `gym_genesis`.`funcionario` (`idfuncionario`))
ENGINE = InnoDB
DEFAULT CHARACTER SET = utf8;


-- -----------------------------------------------------
-- Table `gym_genesis`.`endereco_entrega`
-- -----------------------------------------------------
CREATE TABLE IF NOT EXISTS `gym_genesis`.`endereco_entrega` (
  `idendereco` INT(11) NOT NULL AUTO_INCREMENT,
  `usuario_idusuario` INT(11) NOT NULL,
  `cep` VARCHAR(10) NULL DEFAULT NULL,
  `rua` VARCHAR(100) NULL DEFAULT NULL,
  `numero` VARCHAR(10) NULL DEFAULT NULL,
  `complemento` VARCHAR(50) NULL DEFAULT NULL,
  `bairro` VARCHAR(50) NULL DEFAULT NULL,
  `cidade` VARCHAR(50) NULL DEFAULT NULL,
  `estado` VARCHAR(2) NULL DEFAULT NULL,
  PRIMARY KEY (`idendereco`),
  INDEX `usuario_idusuario` (`usuario_idusuario` ASC) VISIBLE,
  CONSTRAINT `endereco_entrega_ibfk_1`
    FOREIGN KEY (`usuario_idusuario`)
    REFERENCES `gym_genesis`.`usuario` (`idusuario`))
ENGINE = InnoDB
DEFAULT CHARACTER SET = utf8;


-- -----------------------------------------------------
-- Table `gym_genesis`.`exercicio`
-- -----------------------------------------------------
CREATE TABLE IF NOT EXISTS `gym_genesis`.`exercicio` (
  `idexercicio` INT(11) NOT NULL AUTO_INCREMENT,
  `nome` VARCHAR(100) NOT NULL,
  `grupo_muscular` VARCHAR(100) NOT NULL,
  `descricao` TEXT NULL DEFAULT NULL,
  `video_url` VARCHAR(255) NULL DEFAULT NULL,
  PRIMARY KEY (`idexercicio`))
ENGINE = InnoDB
DEFAULT CHARACTER SET = utf8;


-- -----------------------------------------------------
-- Table `gym_genesis`.`forum`
-- -----------------------------------------------------
CREATE TABLE IF NOT EXISTS `gym_genesis`.`forum` (
  `idtopico` INT(11) NOT NULL AUTO_INCREMENT,
  `titulo` VARCHAR(100) NOT NULL,
  `mensagem` TEXT NOT NULL,
  `data_criacao` DATETIME NOT NULL,
  `usuario_idusuario` INT(11) NOT NULL,
  PRIMARY KEY (`idtopico`),
  INDEX `usuario_idusuario` (`usuario_idusuario` ASC) VISIBLE,
  CONSTRAINT `forum_ibfk_1`
    FOREIGN KEY (`usuario_idusuario`)
    REFERENCES `gym_genesis`.`usuario` (`idusuario`))
ENGINE = InnoDB
DEFAULT CHARACTER SET = utf8;


-- -----------------------------------------------------
-- Table `gym_genesis`.`treino`
-- -----------------------------------------------------
CREATE TABLE IF NOT EXISTS `gym_genesis`.`treino` (
  `idtreino` INT(11) NOT NULL AUTO_INCREMENT,
  `tipo` VARCHAR(45) NOT NULL,
  `horario` TIME NOT NULL,
  `descricao` TEXT NOT NULL,
  `usuario_idusuario` INT(11) NOT NULL,
  PRIMARY KEY (`idtreino`),
  INDEX `usuario_idusuario` (`usuario_idusuario` ASC) VISIBLE,
  CONSTRAINT `treino_ibfk_1`
    FOREIGN KEY (`usuario_idusuario`)
    REFERENCES `gym_genesis`.`usuario` (`idusuario`)
    ON DELETE NO ACTION
    ON UPDATE NO ACTION)
ENGINE = InnoDB
DEFAULT CHARACTER SET = utf8;


-- -----------------------------------------------------
-- Table `gym_genesis`.`historico_treino`
-- -----------------------------------------------------
CREATE TABLE IF NOT EXISTS `gym_genesis`.`historico_treino` (
  `idhistorico` INT(11) NOT NULL AUTO_INCREMENT,
  `usuario_id` INT(11) NOT NULL,
  `treino_id` INT(11) NOT NULL,
  `data_execucao` DATETIME NOT NULL,
  `observacoes` TEXT NULL DEFAULT NULL,
  PRIMARY KEY (`idhistorico`),
  INDEX `usuario_id` (`usuario_id` ASC) VISIBLE,
  INDEX `treino_id` (`treino_id` ASC) VISIBLE,
  CONSTRAINT `historico_treino_ibfk_1`
    FOREIGN KEY (`usuario_id`)
    REFERENCES `gym_genesis`.`usuario` (`idusuario`),
  CONSTRAINT `historico_treino_ibfk_2`
    FOREIGN KEY (`treino_id`)
    REFERENCES `gym_genesis`.`treino` (`idtreino`))
ENGINE = InnoDB
DEFAULT CHARACTER SET = utf8;


-- -----------------------------------------------------
-- Table `gym_genesis`.`pedido`
-- -----------------------------------------------------
CREATE TABLE IF NOT EXISTS `gym_genesis`.`pedido` (
  `idpedido` INT(11) NOT NULL AUTO_INCREMENT,
  `usuario_idusuario` INT(11) NOT NULL,
  `data_pedido` DATETIME NOT NULL,
  `status` ENUM('processando', 'enviado', 'concluído') NULL DEFAULT 'processando',
  PRIMARY KEY (`idpedido`),
  INDEX `usuario_idusuario` (`usuario_idusuario` ASC) VISIBLE,
  CONSTRAINT `pedido_ibfk_1`
    FOREIGN KEY (`usuario_idusuario`)
    REFERENCES `gym_genesis`.`usuario` (`idusuario`))
ENGINE = InnoDB
DEFAULT CHARACTER SET = utf8;


-- -----------------------------------------------------
-- Table `gym_genesis`.`produto`
-- -----------------------------------------------------
CREATE TABLE IF NOT EXISTS `gym_genesis`.`produto` (
  `idproduto` INT(11) NOT NULL AUTO_INCREMENT,
  `nome` VARCHAR(100) NOT NULL,
  `descricao` TEXT NOT NULL,
  `preco` DECIMAL(10,2) NOT NULL,
  `quantidade_estoque` INT(11) NOT NULL,
  `imagem` VARCHAR(255) NULL DEFAULT NULL,
  PRIMARY KEY (`idproduto`))
ENGINE = InnoDB
DEFAULT CHARACTER SET = utf8;


-- -----------------------------------------------------
-- Table `gym_genesis`.`item_pedido`
-- -----------------------------------------------------
CREATE TABLE IF NOT EXISTS `gym_genesis`.`item_pedido` (
  `iditem` INT(11) NOT NULL AUTO_INCREMENT,
  `pedido_idpedido` INT(11) NOT NULL,
  `produto_idproduto` INT(11) NOT NULL,
  `quantidade` INT(11) NOT NULL,
  `preco_unitario` DECIMAL(10,2) NOT NULL,
  PRIMARY KEY (`iditem`),
  INDEX `pedido_idpedido` (`pedido_idpedido` ASC) VISIBLE,
  INDEX `produto_idproduto` (`produto_idproduto` ASC) VISIBLE,
  CONSTRAINT `item_pedido_ibfk_1`
    FOREIGN KEY (`pedido_idpedido`)
    REFERENCES `gym_genesis`.`pedido` (`idpedido`),
  CONSTRAINT `item_pedido_ibfk_2`
    FOREIGN KEY (`produto_idproduto`)
    REFERENCES `gym_genesis`.`produto` (`idproduto`))
ENGINE = InnoDB
DEFAULT CHARACTER SET = utf8;


-- -----------------------------------------------------
-- Table `gym_genesis`.`meta_usuario`
-- -----------------------------------------------------
CREATE TABLE IF NOT EXISTS `gym_genesis`.`meta_usuario` (
  `idmeta` INT(11) NOT NULL,
  `usuario_id` INT(11) NOT NULL,
  `descricao` TEXT NOT NULL,
  `data_inicio` DATE NOT NULL,
  `data_limite` DATE NULL DEFAULT NULL,
  `status` ENUM('ativa', 'concluída', 'cancelada') NULL DEFAULT 'ativa',
  PRIMARY KEY (`idmeta`),
  INDEX `usuario_id` (`usuario_id` ASC) VISIBLE,
  CONSTRAINT `meta_usuario_ibfk_1`
    FOREIGN KEY (`usuario_id`)
    REFERENCES `gym_genesis`.`usuario` (`idusuario`))
ENGINE = InnoDB
DEFAULT CHARACTER SET = utf8;


-- -----------------------------------------------------
-- Table `gym_genesis`.`pagamento`
-- -----------------------------------------------------
CREATE TABLE IF NOT EXISTS `gym_genesis`.`pagamento` (
  `idpagamento` INT(11) NOT NULL AUTO_INCREMENT,
  `usuario_idusuario` INT(11) NOT NULL,
  `valor` DECIMAL(10,2) NOT NULL,
  `data_pagamento` DATETIME NOT NULL,
  `metodo` VARCHAR(45) NOT NULL,
  `status` ENUM('sucesso', 'falha', 'reembolsado') NULL DEFAULT 'sucesso',
  PRIMARY KEY (`idpagamento`),
  INDEX `usuario_idusuario` (`usuario_idusuario` ASC) VISIBLE,
  CONSTRAINT `pagamento_ibfk_1`
    FOREIGN KEY (`usuario_idusuario`)
    REFERENCES `gym_genesis`.`usuario` (`idusuario`))
ENGINE = InnoDB
DEFAULT CHARACTER SET = utf8;


-- -----------------------------------------------------
-- Table `gym_genesis`.`pagamento_detalhe`
-- -----------------------------------------------------
CREATE TABLE IF NOT EXISTS `gym_genesis`.`pagamento_detalhe` (
  `idpagaemento2` INT(11) NOT NULL AUTO_INCREMENT,
  `pagamento_idpagamento` INT(11) NOT NULL,
  `tipo` ENUM('cartao', 'pix', 'boleto') NOT NULL,
  `bandeira_cartao` VARCHAR(30) NULL DEFAULT NULL,
  `ultimos_digitos` VARCHAR(4) NULL DEFAULT NULL,
  `codigo_pix` VARCHAR(255) NULL DEFAULT NULL,
  `linha_digitavel_boleto` VARCHAR(255) NULL DEFAULT NULL,
  PRIMARY KEY (`idpagaemento2`),
  INDEX `pagamento_idpagamento` (`pagamento_idpagamento` ASC) VISIBLE,
  CONSTRAINT `pagamento_detalhe_ibfk_1`
    FOREIGN KEY (`pagamento_idpagamento`)
    REFERENCES `gym_genesis`.`pagamento` (`idpagamento`))
ENGINE = InnoDB
DEFAULT CHARACTER SET = utf8;


-- -----------------------------------------------------
-- Table `gym_genesis`.`plano`
-- -----------------------------------------------------
CREATE TABLE IF NOT EXISTS `gym_genesis`.`plano` (
  `idplano` INT(11) NOT NULL AUTO_INCREMENT,
  `tipo` VARCHAR(45) NULL DEFAULT NULL,
  `duracao` VARCHAR(45) NULL DEFAULT NULL,
  `assinatura_idassinatura` INT(11) NOT NULL,
  PRIMARY KEY (`idplano`),
  INDEX `assinatura_idassinatura` (`assinatura_idassinatura` ASC) VISIBLE,
  CONSTRAINT `plano_ibfk_1`
    FOREIGN KEY (`assinatura_idassinatura`)
    REFERENCES `gym_genesis`.`assinatura` (`idassinatura`))
ENGINE = InnoDB
DEFAULT CHARACTER SET = utf8;


-- -----------------------------------------------------
-- Table `gym_genesis`.`resposta_forum`
-- -----------------------------------------------------
CREATE TABLE IF NOT EXISTS `gym_genesis`.`resposta_forum` (
  `idresposta` INT(11) NOT NULL AUTO_INCREMENT,
  `mensagem` TEXT NOT NULL,
  `data_resposta` DATETIME NOT NULL,
  `usuario_idusuario` INT(11) NOT NULL,
  `forum_idtopico` INT(11) NOT NULL,
  PRIMARY KEY (`idresposta`),
  INDEX `usuario_idusuario` (`usuario_idusuario` ASC) VISIBLE,
  INDEX `forum_idtopico` (`forum_idtopico` ASC) VISIBLE,
  CONSTRAINT `resposta_forum_ibfk_1`
    FOREIGN KEY (`usuario_idusuario`)
    REFERENCES `gym_genesis`.`usuario` (`idusuario`),
  CONSTRAINT `resposta_forum_ibfk_2`
    FOREIGN KEY (`forum_idtopico`)
    REFERENCES `gym_genesis`.`forum` (`idtopico`))
ENGINE = InnoDB
DEFAULT CHARACTER SET = utf8;


-- -----------------------------------------------------
-- Table `gym_genesis`.`treino_exercicio`
-- -----------------------------------------------------
CREATE TABLE IF NOT EXISTS `gym_genesis`.`treino_exercicio` (
  `idtreino2` INT(11) NOT NULL,
  `treino_id` INT(11) NOT NULL,
  `exercicio_id` INT(11) NOT NULL,
  `series` INT(11) NOT NULL,
  `repeticoes` INT(11) NOT NULL,
  `carga` DECIMAL(5,2) NULL DEFAULT NULL,
  `intervalo_segundos` INT(11) NULL DEFAULT NULL,
  PRIMARY KEY (`idtreino2`),
  INDEX `treino_id` (`treino_id` ASC) VISIBLE,
  INDEX `exercicio_id` (`exercicio_id` ASC) VISIBLE,
  CONSTRAINT `treino_exercicio_ibfk_1`
    FOREIGN KEY (`treino_id`)
    REFERENCES `gym_genesis`.`treino` (`idtreino`),
  CONSTRAINT `treino_exercicio_ibfk_2`
    FOREIGN KEY (`exercicio_id`)
    REFERENCES `gym_genesis`.`exercicio` (`idexercicio`))
ENGINE = InnoDB
DEFAULT CHARACTER SET = utf8;


SET SQL_MODE=@OLD_SQL_MODE;
SET FOREIGN_KEY_CHECKS=@OLD_FOREIGN_KEY_CHECKS;
SET UNIQUE_CHECKS=@OLD_UNIQUE_CHECKS;


  --  DROP DATABASE IF EXISTS `gym_genesis`;

-- Inserindo um alimento
INSERT INTO `alimento` (`idalimento`, `nome`, `calorias`, `proteinas`, `carboidratos`, `gorduras`)
VALUES 
  (1, 'Ovo cozido', 68, 6.0, 0.5, 5.0),
  (2, 'Arroz integral', 111, 2.6, 23.0, 0.9);


-- Inserindo um usuário
INSERT INTO `gym_genesis`.`usuario` (
  `nome`, `senha`, `email`, `cpf`, `data_de_nascimento`, `telefone`, `foto_de_perfil`, `numero_matricula`, `tipo_usuario`
) VALUES (
  'João da Silva', 'senhaSegura123', 'joao.silva@example.com', '123.456.789-00', '1990-05-15', '(11) 91234-5678', 'joao.jpg', 'MAT20250001', 1
),
(
  'Maria Santos', 'senhaSegura456', 'maria.santos@example.com', '987.654.321-00', '1995-08-20', '(21) 98765-4321', 'maria.jpg', 'MAT20250002', 2);
-- Inserindo assinaturas para usuários existentes
INSERT INTO `gym_genesis`.`assinatura` (
  `data_inicio`, `data_fim`, `usuario_idusuario`
) VALUES (
  '2025-04-01', '2025-10-01', 1
);

INSERT INTO `gym_genesis`.`assinatura` (
  `data_inicio`, `data_fim`, `usuario_idusuario`
) VALUES (
  '2025-03-15', '2025-09-15', 2
);
-- Inserindo horários de funcionamento
INSERT INTO `gym_genesis`.`horario` (
  `dia_semana`, `hora_inicio`, `hora_fim`
) VALUES (
  'Segunda', '06:00:00', '22:00:00'
);

INSERT INTO `gym_genesis`.`horario` (
  `dia_semana`, `hora_inicio`, `hora_fim`
) VALUES (
  'Sábado', '08:00:00', '14:00:00'
);
-- Inserindo aulas agendadas
INSERT INTO `gym_genesis`.`aula_agendada` (
  `horario_idhorario`, `data_aula`, `usuario_idusuario`
) VALUES (
  1, '2025-04-10', 1
);

INSERT INTO `gym_genesis`.`aula_agendada` (
  `horario_idhorario`, `data_aula`, `usuario_idusuario`
) VALUES (
  2, '2025-04-11', 2
);
-- Inserindo avaliações físicas
INSERT INTO `gym_genesis`.`avaliacao_fisica` (
  `peso`, `altura`, `imc`, `percentual_gordura`, `data_avaliacao`, `usuario_idusuario`
) VALUES (
  72.500, 1.75, 23.67, 15.5, '2025-04-01', 1
);

INSERT INTO `gym_genesis`.`avaliacao_fisica` (
  `peso`, `altura`, `imc`, `percentual_gordura`, `data_avaliacao`, `usuario_idusuario`
) VALUES (
  85.200, 1.82, 25.71, 18.3, '2025-04-02', 2
);
-- Inserindo cargos
INSERT INTO `gym_genesis`.`cargo` (
  `idcargo`, `nome`, `descricao`
) VALUES (
  1, 'Instrutor de Musculação', 'Responsável por orientar os alunos na sala de musculação.'
);

INSERT INTO `gym_genesis`.`cargo` (
  `idcargo`, `nome`, `descricao`
) VALUES (
  2, 'Nutricionista', 'Responsável por elaborar dietas e planos alimentares personalizados.'
);
-- Inserindo funcionários
INSERT INTO `gym_genesis`.`funcionario` (
  `nome`, `email`, `telefone`, `data_contratacao`, `salario`, `cargo_id`
) VALUES (
  'Carlos Andrade', 'carlos.andrade@gymgenesis.com', '(11) 99888-1234', '2024-01-10', 3200.00, 1
);

INSERT INTO `gym_genesis`.`funcionario` (
  `nome`, `email`, `telefone`, `data_contratacao`, `salario`, `cargo_id`
) VALUES (
  'Mariana Souza', 'mariana.souza@gymgenesis.com', '(11) 98765-4321', '2023-11-05', 4000.00, 2
);
-- Inserindo avaliadores
INSERT INTO `gym_genesis`.`avaliador` (
  `funcionario_id`, `especialidade`
) VALUES (
  1, 'Avaliação Física e Treinamento Funcional'
);

INSERT INTO `gym_genesis`.`avaliador` (
  `funcionario_id`, `especialidade`
) VALUES (
  2, 'Nutrição Esportiva'
);
-- Inserindo categorias de produtos
INSERT INTO `gym_genesis`.`categoria_produto` (
  `nome`, `descricao`
) VALUES (
  'Suplementos', 'Produtos voltados para complementar a alimentação e melhorar o desempenho físico.'
);

INSERT INTO `gym_genesis`.`categoria_produto` (
  `nome`, `descricao`
) VALUES (
  'Vestuário Fitness', 'Roupas e acessórios para a prática de atividades físicas.'
);
-- Inserindo cupons de desconto
INSERT INTO `gym_genesis`.`cupom_desconto` (
  `codigo`, `percentual_desconto`, `valor_desconto`, `data_validade`, `quantidade_uso`, `tipo`
) VALUES (
  'WELCOME10', 10.00, NULL, '2025-06-30', 100, 'percentual'
);

INSERT INTO `gym_genesis`.`cupom_desconto` (
  `codigo`, `percentual_desconto`, `valor_desconto`, `data_validade`, `quantidade_uso`, `tipo`
) VALUES (
  'FRETE20', NULL, 20.00, '2025-05-15', 50, 'fixo'
);
-- Inserindo dietas para usuários
INSERT INTO `gym_genesis`.`dieta` (
  `descricao`, `data_inicio`, `data_fim`, `usuario_idusuario`
) VALUES (
  'Dieta rica em proteínas para ganho de massa muscular.', '2025-04-01', '2025-05-15', 1
);

INSERT INTO `gym_genesis`.`dieta` (
  `descricao`, `data_inicio`, `data_fim`, `usuario_idusuario`
) VALUES (
  'Dieta com baixo teor calórico para redução de peso.', '2025-04-05', '2025-06-05', 2
);
INSERT INTO `gym_genesis`.`refeicao` (
  `idrefeicao`, `dieta_id`, `tipo`, `horario`
) VALUES
  (1, 1, 'Café da manhã', '07:30:00'),
  (2, 1, 'Almoço', '12:30:00');
INSERT INTO `gym_genesis`.`dieta_alimento` (
  `iddieta_alimentar`, `refeicao_id`, `alimento_id`, `quantidade`, `observacao`
) VALUES
  (1, 1, 1, 2.00, 'Consumir com aveia'),
  (2, 2, 2, 1.00, 'Preferir grelhado, sem óleo');
INSERT INTO `gym_genesis`.`endereco` (
  `idendereco`, `usuario_id`, `funcionario_id`, `cep`, `rua`, `numero`, `complemento`, `bairro`, `cidade`, `estado`
) VALUES
  (1, 1, NULL, '12345-678', 'Rua das Palmeiras', '45', 'Apto 101', 'Centro', 'São Paulo', 'SP'),
  (2, NULL, 1, '98765-432', 'Av. Brasil', '1200', NULL, 'Bela Vista', 'Rio de Janeiro', 'RJ');
INSERT INTO `gym_genesis`.`endereco_entrega` (
  `usuario_idusuario`, `cep`, `rua`, `numero`, `complemento`, `bairro`, `cidade`, `estado`
) VALUES
  (1, '54321-000', 'Rua do Comércio', '88', 'Casa dos fundos', 'Jardim América', 'Curitiba', 'PR'),
  (2, '11223-445', 'Av. Independência', '777', NULL, 'Boa Vista', 'Porto Alegre', 'RS');
-- -----------------------------------------------------
-- INSERTS PARA TABELA exercicio
-- -----------------------------------------------------
INSERT INTO `gym_genesis`.`exercicio` (`nome`, `grupo_muscular`, `descricao`, `video_url`)
VALUES 
  ('Agachamento Livre', 'Pernas', 'Trabalha quadríceps, glúteos e posteriores', 'https://youtube.com/example1'),
  ('Supino Reto', 'Peitoral', 'Exercício para desenvolver o peitoral maior', 'https://youtube.com/example2');

-- -----------------------------------------------------
-- INSERTS PARA TABELA forum
-- -----------------------------------------------------
INSERT INTO `gym_genesis`.`forum` (`titulo`, `mensagem`, `data_criacao`, `usuario_idusuario`)
VALUES
  ('Dúvida sobre treino de pernas', 'Alguém pode indicar um bom treino para pernas?', NOW(), 1),
  ('Qual suplemento vocês usam?', 'Queria saber quais suplementos mais indicados para iniciantes.', NOW(), 2);

-- -----------------------------------------------------
-- INSERTS PARA TABELA treino
-- -----------------------------------------------------
INSERT INTO `gym_genesis`.`treino` (`tipo`, `horario`, `descricao`, `usuario_idusuario`)
VALUES
  ('Hipertrofia', '08:00:00', 'Treino focado em aumento de massa muscular', 1),
  ('Cardio', '18:00:00', 'Corrida + bicicleta ergométrica', 2);

-- -----------------------------------------------------
-- INSERTS PARA TABELA historico_treino
-- -----------------------------------------------------
INSERT INTO `gym_genesis`.`historico_treino` (`usuario_id`, `treino_id`, `data_execucao`, `observacoes`)
VALUES
  (1, 1, NOW(), 'Desempenho ótimo, sem dores'),
  (2, 2, NOW(), 'Cansaço no final do treino');
-- -----------------------------------------------------
-- INSERTS PARA TABELA pedido
-- -----------------------------------------------------
INSERT INTO `gym_genesis`.`pedido` (`usuario_idusuario`, `data_pedido`, `status`)
VALUES 
  (1, NOW(), 'processando'),
  (2, NOW(), 'enviado');

-- -----------------------------------------------------
-- INSERTS PARA TABELA produto
-- -----------------------------------------------------
INSERT INTO `gym_genesis`.`produto` (`nome`, `descricao`, `preco`, `quantidade_estoque`, `imagem`)
VALUES
  ('Whey Protein 1kg', 'Suplemento proteico para ganho de massa muscular', 89.90, 50, 'https://example.com/whey.jpg'),
  ('Creatina 300g', 'Aumenta a performance nos treinos de força', 69.90, 30, 'https://example.com/creatina.jpg');

-- -----------------------------------------------------
-- INSERTS PARA TABELA item_pedido
-- -----------------------------------------------------
INSERT INTO `gym_genesis`.`item_pedido` (`pedido_idpedido`, `produto_idproduto`, `quantidade`, `preco_unitario`)
VALUES
  (1, 1, 2, 89.90),
  (2, 2, 1, 69.90);

-- -----------------------------------------------------
-- INSERTS PARA TABELA meta_usuario
-- -----------------------------------------------------
INSERT INTO `gym_genesis`.`meta_usuario` (`idmeta`, `usuario_id`, `descricao`, `data_inicio`, `data_limite`, `status`)
VALUES
  (1, 1, 'Perder 5kg em 2 meses', '2025-04-01', '2025-06-01', 'ativa'),
  (2, 2, 'Aumentar massa muscular em 3kg', '2025-04-05', '2025-07-05', 'ativa');

-- -----------------------------------------------------
-- INSERTS PARA TABELA pagamento
-- -----------------------------------------------------
INSERT INTO `gym_genesis`.`pagamento` (`usuario_idusuario`, `valor`, `data_pagamento`, `metodo`, `status`)
VALUES
  (1, 199.90, NOW(), 'cartao', 'sucesso'),
  (2, 149.90, NOW(), 'pix', 'sucesso');

-- -----------------------------------------------------
-- INSERTS PARA TABELA pagamento_detalhe
-- -----------------------------------------------------
INSERT INTO `gym_genesis`.`pagamento_detalhe` (`pagamento_idpagamento`, `tipo`, `bandeira_cartao`, `ultimos_digitos`, `codigo_pix`, `linha_digitavel_boleto`)
VALUES
  (1, 'cartao', 'Visa', '1234', NULL, NULL),
  (2, 'pix', NULL, NULL, 'pix-123456789abc', NULL);

-- -----------------------------------------------------
-- INSERTS PARA TABELA plano
-- -----------------------------------------------------
INSERT INTO `gym_genesis`.`plano` (`tipo`, `duracao`, `assinatura_idassinatura`)
VALUES
  ('Mensal', '30 dias', 1),
  ('Anual', '365 dias', 2);

-- -----------------------------------------------------
-- INSERTS PARA TABELA resposta_forum
-- -----------------------------------------------------
INSERT INTO `gym_genesis`.`resposta_forum` (`mensagem`, `data_resposta`, `usuario_idusuario`, `forum_idtopico`)
VALUES
  ('Concordo com a sugestão! Já usei esse treino e é ótimo.', NOW(), 1, 1),
  ('Acho que seria bom alternar com exercícios de cardio.', NOW(), 2, 1);

-- -----------------------------------------------------
-- INSERTS PARA TABELA treino_exercicio
-- -----------------------------------------------------
INSERT INTO `gym_genesis`.`treino_exercicio` (`idtreino2`, `treino_id`, `exercicio_id`, `series`, `repeticoes`, `carga`, `intervalo_segundos`)
VALUES
  (1, 1, 1, 4, 12, 30.00, 60),
  (2, 1, 2, 3, 10, 25.00, 45);
